{
  "acc_cls_strategy_id": 0.3333333333333333,
  "acc_cls_strategy_id_top1": 0.3333333333333333,
  "acc_cls_strategy_id_top2": 0.47164351851851855,
  "acc_cls_strategy_id_top3": 0.6197916666666666,
  "acc_cls_strategy_id_top4": 0.7135416666666666,
  "acc_cls_strategy_id_top5": 0.8223379629629629,
  "bleu-1": 18.126743021675264,
  "bleu-2": 8.173934571671358,
  "bleu-3": 4.550997284852498,
  "bleu-4": 2.8167936104853544,
  "dist-1": 4.6981442330279535,
  "dist-2": 19.853095487932844,
  "dist-3": 34.6760703467607,
  "f1": 21.75904989491433,
  "f1_macro_cls_strategy_id": 0.1935916309202066,
  "f1_micro_cls_strategy_id": 0.3333333333333333,
  "length": 15.78125,
  "meteor": 15.016663863708036,
  "perplexity": 15.300087928771973,
  "rouge-l": 18.196465284684045
}